<?xml version="1.0" encoding="UTF-8"?>
<beans xmlns="http://www.springframework.org/schema/beans"
       xmlns:xsi="http://www.w3.org/2001/XMLSchema-instance"
       xmlns:p="http://www.springframework.org/schema/p"
       xmlns:context="http://www.springframework.org/schema/context"
       xmlns:dubbo="http://code.alibabatech.com/schema/dubbo"
       xmlns:mvc="http://www.springframework.org/schema/mvc"
       xsi:schemaLocation="http://www.springframework.org/schema/beans
		 http://www.springframework.org/schema/beans/spring-beans.xsd
          http://www.springframework.org/schema/mvc
          http://www.springframework.org/schema/mvc/spring-mvc.xsd
          http://code.alibabatech.com/schema/dubbo
          http://code.alibabatech.com/schema/dubbo/dubbo.xsd
          http://www.springframework.org/schema/context
          http://www.springframework.org/schema/context/spring-context.xsd">

    <mvc:annotation-driven>
        <mvc:message-converters register-defaults="true">
            <bean class="com.alibaba.fastjson.support.spring.FastJsonHttpMessageConverter">
                <property name="supportedMediaTypes" value="application/json"/>
                <property name="features">
                    <list>
                        <value>WriteMapNullValue</value>
                        <value>WriteDateUseDateFormat</value>
                    </list>
                </property>
            </bean>
        </mvc:message-converters>
    </mvc:annotation-driven>
    <!-- 指定应用名称 -->
    <dubbo:application name="health_mobile" />
    <!--指定服务注册中心地址-->
    <dubbo:registry address="zookeeper://127.0.0.1:2181"/>
    <!--批量扫描-->
    <dubbo:annotation package="com.itheima.controller" />
    <!--
        超时全局设置 10分钟
        check=false 不检查服务提供方，开发阶段建议设置为false
        check=true 启动时检查服务提供方，如果服务提供方没有启动则报错
    -->
    <dubbo:consumer timeout="600000" check="false"/>
    <import resource="spring-redis.xml"></import>
</beans>